<application>
  <component name="ProjectJdkTable">
    <jdk version="2">
      <name value="14" />
      <type value="JavaSDK" />
      <version value="version 15.0.2" />
      <homePath value="/usr/lib/jvm/java-15-openjdk" />
      <roots>
        <annotationsPath>
          <root type="composite">
            <root url="jar://$APPLICATION_HOME_DIR$/plugins/java/lib/jdkAnnotations.jar!/" type="simple" />
          </root>
        </annotationsPath>
        <classPath>
          <root type="composite">
            <root url="jrt:///usr/lib/jvm/java-15-openjdk!/java.base" type="simple" />
            <root url="jrt:///usr/lib/jvm/java-15-openjdk!/java.compiler" type="simple" />
            <root url="jrt:///usr/lib/jvm/java-15-openjdk!/java.datatransfer" type="simple" />
            <root url="jrt:///usr/lib/jvm/java-15-openjdk!/java.desktop" type="simple" />
            <root url="jrt:///usr/lib/jvm/java-15-openjdk!/java.instrument" type="simple" />
            <root url="jrt:///usr/lib/jvm/java-15-openjdk!/java.logging" type="simple" />
            <root url="jrt:///usr/lib/jvm/java-15-openjdk!/java.management" type="simple" />
            <root url="jrt:///usr/lib/jvm/java-15-openjdk!/java.management.rmi" type="simple" />
            <root url="jrt:///usr/lib/jvm/java-15-openjdk!/java.naming" type="simple" />
            <root url="jrt:///usr/lib/jvm/java-15-openjdk!/java.net.http" type="simple" />
            <root url="jrt:///usr/lib/jvm/java-15-openjdk!/java.prefs" type="simple" />
            <root url="jrt:///usr/lib/jvm/java-15-openjdk!/java.rmi" type="simple" />
            <root url="jrt:///usr/lib/jvm/java-15-openjdk!/java.scripting" type="simple" />
            <root url="jrt:///usr/lib/jvm/java-15-openjdk!/java.se" type="simple" />
            <root url="jrt:///usr/lib/jvm/java-15-openjdk!/java.security.jgss" type="simple" />
            <root url="jrt:///usr/lib/jvm/java-15-openjdk!/java.security.sasl" type="simple" />
            <root url="jrt:///usr/lib/jvm/java-15-openjdk!/java.smartcardio" type="simple" />
            <root url="jrt:///usr/lib/jvm/java-15-openjdk!/java.sql" type="simple" />
            <root url="jrt:///usr/lib/jvm/java-15-openjdk!/java.sql.rowset" type="simple" />
            <root url="jrt:///usr/lib/jvm/java-15-openjdk!/java.transaction.xa" type="simple" />
            <root url="jrt:///usr/lib/jvm/java-15-openjdk!/java.xml" type="simple" />
            <root url="jrt:///usr/lib/jvm/java-15-openjdk!/java.xml.crypto" type="simple" />
            <root url="jrt:///usr/lib/jvm/java-15-openjdk!/jdk.accessibility" type="simple" />
            <root url="jrt:///usr/lib/jvm/java-15-openjdk!/jdk.aot" type="simple" />
            <root url="jrt:///usr/lib/jvm/java-15-openjdk!/jdk.attach" type="simple" />
            <root url="jrt:///usr/lib/jvm/java-15-openjdk!/jdk.charsets" type="simple" />
            <root url="jrt:///usr/lib/jvm/java-15-openjdk!/jdk.compiler" type="simple" />
            <root url="jrt:///usr/lib/jvm/java-15-openjdk!/jdk.crypto.cryptoki" type="simple" />
            <root url="jrt:///usr/lib/jvm/java-15-openjdk!/jdk.crypto.ec" type="simple" />
            <root url="jrt:///usr/lib/jvm/java-15-openjdk!/jdk.dynalink" type="simple" />
            <root url="jrt:///usr/lib/jvm/java-15-openjdk!/jdk.editpad" type="simple" />
            <root url="jrt:///usr/lib/jvm/java-15-openjdk!/jdk.hotspot.agent" type="simple" />
            <root url="jrt:///usr/lib/jvm/java-15-openjdk!/jdk.httpserver" type="simple" />
            <root url="jrt:///usr/lib/jvm/java-15-openjdk!/jdk.incubator.foreign" type="simple" />
            <root url="jrt:///usr/lib/jvm/java-15-openjdk!/jdk.incubator.jpackage" type="simple" />
            <root url="jrt:///usr/lib/jvm/java-15-openjdk!/jdk.internal.ed" type="simple" />
            <root url="jrt:///usr/lib/jvm/java-15-openjdk!/jdk.internal.jvmstat" type="simple" />
            <root url="jrt:///usr/lib/jvm/java-15-openjdk!/jdk.internal.le" type="simple" />
            <root url="jrt:///usr/lib/jvm/java-15-openjdk!/jdk.internal.opt" type="simple" />
            <root url="jrt:///usr/lib/jvm/java-15-openjdk!/jdk.internal.vm.ci" type="simple" />
            <root url="jrt:///usr/lib/jvm/java-15-openjdk!/jdk.internal.vm.compiler" type="simple" />
            <root url="jrt:///usr/lib/jvm/java-15-openjdk!/jdk.internal.vm.compiler.management" type="simple" />
            <root url="jrt:///usr/lib/jvm/java-15-openjdk!/jdk.jartool" type="simple" />
            <root url="jrt:///usr/lib/jvm/java-15-openjdk!/jdk.javadoc" type="simple" />
            <root url="jrt:///usr/lib/jvm/java-15-openjdk!/jdk.jcmd" type="simple" />
            <root url="jrt:///usr/lib/jvm/java-15-openjdk!/jdk.jconsole" type="simple" />
            <root url="jrt:///usr/lib/jvm/java-15-openjdk!/jdk.jdeps" type="simple" />
            <root url="jrt:///usr/lib/jvm/java-15-openjdk!/jdk.jdi" type="simple" />
            <root url="jrt:///usr/lib/jvm/java-15-openjdk!/jdk.jdwp.agent" type="simple" />
            <root url="jrt:///usr/lib/jvm/java-15-openjdk!/jdk.jfr" type="simple" />
            <root url="jrt:///usr/lib/jvm/java-15-openjdk!/jdk.jlink" type="simple" />
            <root url="jrt:///usr/lib/jvm/java-15-openjdk!/jdk.jshell" type="simple" />
            <root url="jrt:///usr/lib/jvm/java-15-openjdk!/jdk.jsobject" type="simple" />
            <root url="jrt:///usr/lib/jvm/java-15-openjdk!/jdk.jstatd" type="simple" />
            <root url="jrt:///usr/lib/jvm/java-15-openjdk!/jdk.localedata" type="simple" />
            <root url="jrt:///usr/lib/jvm/java-15-openjdk!/jdk.management" type="simple" />
            <root url="jrt:///usr/lib/jvm/java-15-openjdk!/jdk.management.agent" type="simple" />
            <root url="jrt:///usr/lib/jvm/java-15-openjdk!/jdk.management.jfr" type="simple" />
            <root url="jrt:///usr/lib/jvm/java-15-openjdk!/jdk.naming.dns" type="simple" />
            <root url="jrt:///usr/lib/jvm/java-15-openjdk!/jdk.naming.rmi" type="simple" />
            <root url="jrt:///usr/lib/jvm/java-15-openjdk!/jdk.net" type="simple" />
            <root url="jrt:///usr/lib/jvm/java-15-openjdk!/jdk.nio.mapmode" type="simple" />
            <root url="jrt:///usr/lib/jvm/java-15-openjdk!/jdk.sctp" type="simple" />
            <root url="jrt:///usr/lib/jvm/java-15-openjdk!/jdk.security.auth" type="simple" />
            <root url="jrt:///usr/lib/jvm/java-15-openjdk!/jdk.security.jgss" type="simple" />
            <root url="jrt:///usr/lib/jvm/java-15-openjdk!/jdk.unsupported" type="simple" />
            <root url="jrt:///usr/lib/jvm/java-15-openjdk!/jdk.unsupported.desktop" type="simple" />
            <root url="jrt:///usr/lib/jvm/java-15-openjdk!/jdk.xml.dom" type="simple" />
            <root url="jrt:///usr/lib/jvm/java-15-openjdk!/jdk.zipfs" type="simple" />
            <root url="jrt:///usr/lib/jvm/java-14-openjdk!/java.base" type="simple" />
            <root url="jrt:///usr/lib/jvm/java-14-openjdk!/java.compiler" type="simple" />
            <root url="jrt:///usr/lib/jvm/java-14-openjdk!/java.datatransfer" type="simple" />
            <root url="jrt:///usr/lib/jvm/java-14-openjdk!/java.desktop" type="simple" />
            <root url="jrt:///usr/lib/jvm/java-14-openjdk!/java.instrument" type="simple" />
            <root url="jrt:///usr/lib/jvm/java-14-openjdk!/java.logging" type="simple" />
            <root url="jrt:///usr/lib/jvm/java-14-openjdk!/java.management" type="simple" />
            <root url="jrt:///usr/lib/jvm/java-14-openjdk!/java.management.rmi" type="simple" />
            <root url="jrt:///usr/lib/jvm/java-14-openjdk!/java.naming" type="simple" />
            <root url="jrt:///usr/lib/jvm/java-14-openjdk!/java.net.http" type="simple" />
            <root url="jrt:///usr/lib/jvm/java-14-openjdk!/java.prefs" type="simple" />
            <root url="jrt:///usr/lib/jvm/java-14-openjdk!/java.rmi" type="simple" />
            <root url="jrt:///usr/lib/jvm/java-14-openjdk!/java.scripting" type="simple" />
            <root url="jrt:///usr/lib/jvm/java-14-openjdk!/java.se" type="simple" />
            <root url="jrt:///usr/lib/jvm/java-14-openjdk!/java.security.jgss" type="simple" />
            <root url="jrt:///usr/lib/jvm/java-14-openjdk!/java.security.sasl" type="simple" />
            <root url="jrt:///usr/lib/jvm/java-14-openjdk!/java.smartcardio" type="simple" />
            <root url="jrt:///usr/lib/jvm/java-14-openjdk!/java.sql" type="simple" />
            <root url="jrt:///usr/lib/jvm/java-14-openjdk!/java.sql.rowset" type="simple" />
            <root url="jrt:///usr/lib/jvm/java-14-openjdk!/java.transaction.xa" type="simple" />
            <root url="jrt:///usr/lib/jvm/java-14-openjdk!/java.xml" type="simple" />
            <root url="jrt:///usr/lib/jvm/java-14-openjdk!/java.xml.crypto" type="simple" />
            <root url="jrt:///usr/lib/jvm/java-14-openjdk!/jdk.accessibility" type="simple" />
            <root url="jrt:///usr/lib/jvm/java-14-openjdk!/jdk.aot" type="simple" />
            <root url="jrt:///usr/lib/jvm/java-14-openjdk!/jdk.attach" type="simple" />
            <root url="jrt:///usr/lib/jvm/java-14-openjdk!/jdk.charsets" type="simple" />
            <root url="jrt:///usr/lib/jvm/java-14-openjdk!/jdk.compiler" type="simple" />
            <root url="jrt:///usr/lib/jvm/java-14-openjdk!/jdk.crypto.cryptoki" type="simple" />
            <root url="jrt:///usr/lib/jvm/java-14-openjdk!/jdk.crypto.ec" type="simple" />
            <root url="jrt:///usr/lib/jvm/java-14-openjdk!/jdk.dynalink" type="simple" />
            <root url="jrt:///usr/lib/jvm/java-14-openjdk!/jdk.editpad" type="simple" />
            <root url="jrt:///usr/lib/jvm/java-14-openjdk!/jdk.hotspot.agent" type="simple" />
            <root url="jrt:///usr/lib/jvm/java-14-openjdk!/jdk.httpserver" type="simple" />
            <root url="jrt:///usr/lib/jvm/java-14-openjdk!/jdk.incubator.foreign" type="simple" />
            <root url="jrt:///usr/lib/jvm/java-14-openjdk!/jdk.incubator.jpackage" type="simple" />
            <root url="jrt:///usr/lib/jvm/java-14-openjdk!/jdk.internal.ed" type="simple" />
            <root url="jrt:///usr/lib/jvm/java-14-openjdk!/jdk.internal.jvmstat" type="simple" />
            <root url="jrt:///usr/lib/jvm/java-14-openjdk!/jdk.internal.le" type="simple" />
            <root url="jrt:///usr/lib/jvm/java-14-openjdk!/jdk.internal.opt" type="simple" />
            <root url="jrt:///usr/lib/jvm/java-14-openjdk!/jdk.internal.vm.ci" type="simple" />
            <root url="jrt:///usr/lib/jvm/java-14-openjdk!/jdk.internal.vm.compiler" type="simple" />
            <root url="jrt:///usr/lib/jvm/java-14-openjdk!/jdk.internal.vm.compiler.management" type="simple" />
            <root url="jrt:///usr/lib/jvm/java-14-openjdk!/jdk.jartool" type="simple" />
            <root url="jrt:///usr/lib/jvm/java-14-openjdk!/jdk.javadoc" type="simple" />
            <root url="jrt:///usr/lib/jvm/java-14-openjdk!/jdk.jcmd" type="simple" />
            <root url="jrt:///usr/lib/jvm/java-14-openjdk!/jdk.jconsole" type="simple" />
            <root url="jrt:///usr/lib/jvm/java-14-openjdk!/jdk.jdeps" type="simple" />
            <root url="jrt:///usr/lib/jvm/java-14-openjdk!/jdk.jdi" type="simple" />
            <root url="jrt:///usr/lib/jvm/java-14-openjdk!/jdk.jdwp.agent" type="simple" />
            <root url="jrt:///usr/lib/jvm/java-14-openjdk!/jdk.jfr" type="simple" />
            <root url="jrt:///usr/lib/jvm/java-14-openjdk!/jdk.jlink" type="simple" />
            <root url="jrt:///usr/lib/jvm/java-14-openjdk!/jdk.jshell" type="simple" />
            <root url="jrt:///usr/lib/jvm/java-14-openjdk!/jdk.jsobject" type="simple" />
            <root url="jrt:///usr/lib/jvm/java-14-openjdk!/jdk.jstatd" type="simple" />
            <root url="jrt:///usr/lib/jvm/java-14-openjdk!/jdk.localedata" type="simple" />
            <root url="jrt:///usr/lib/jvm/java-14-openjdk!/jdk.management" type="simple" />
            <root url="jrt:///usr/lib/jvm/java-14-openjdk!/jdk.management.agent" type="simple" />
            <root url="jrt:///usr/lib/jvm/java-14-openjdk!/jdk.management.jfr" type="simple" />
            <root url="jrt:///usr/lib/jvm/java-14-openjdk!/jdk.naming.dns" type="simple" />
            <root url="jrt:///usr/lib/jvm/java-14-openjdk!/jdk.naming.rmi" type="simple" />
            <root url="jrt:///usr/lib/jvm/java-14-openjdk!/jdk.net" type="simple" />
            <root url="jrt:///usr/lib/jvm/java-14-openjdk!/jdk.nio.mapmode" type="simple" />
            <root url="jrt:///usr/lib/jvm/java-14-openjdk!/jdk.rmic" type="simple" />
            <root url="jrt:///usr/lib/jvm/java-14-openjdk!/jdk.scripting.nashorn" type="simple" />
            <root url="jrt:///usr/lib/jvm/java-14-openjdk!/jdk.scripting.nashorn.shell" type="simple" />
            <root url="jrt:///usr/lib/jvm/java-14-openjdk!/jdk.sctp" type="simple" />
            <root url="jrt:///usr/lib/jvm/java-14-openjdk!/jdk.security.auth" type="simple" />
            <root url="jrt:///usr/lib/jvm/java-14-openjdk!/jdk.security.jgss" type="simple" />
            <root url="jrt:///usr/lib/jvm/java-14-openjdk!/jdk.unsupported" type="simple" />
            <root url="jrt:///usr/lib/jvm/java-14-openjdk!/jdk.unsupported.desktop" type="simple" />
            <root url="jrt:///usr/lib/jvm/java-14-openjdk!/jdk.xml.dom" type="simple" />
            <root url="jrt:///usr/lib/jvm/java-14-openjdk!/jdk.zipfs" type="simple" />
          </root>
        </classPath>
        <javadocPath>
          <root type="composite">
            <root url="https://docs.oracle.com/en/java/javase/15/docs/api/" type="simple" />
          </root>
        </javadocPath>
        <sourcePath>
          <root type="composite" />
        </sourcePath>
      </roots>
      <additional />
    </jdk>
    <jdk version="2">
      <name value="Haskell Tool Stack" />
      <type value="Haskell Tool Stack SDK" />
      <version value="2.5.1&#10;" />
      <homePath value="/usr/bin/stack" />
      <roots>
        <annotationsPath>
          <root type="composite" />
        </annotationsPath>
        <classPath>
          <root type="composite" />
        </classPath>
        <javadocPath>
          <root type="composite" />
        </javadocPath>
        <sourcePath>
          <root type="composite" />
        </sourcePath>
      </roots>
      <additional />
    </jdk>
    <jdk version="2">
      <name value="15" />
      <type value="JavaSDK" />
      <version value="version 15.0.2" />
      <homePath value="/usr/lib/jvm/java-15-openjdk" />
      <roots>
        <annotationsPath>
          <root type="composite">
            <root url="jar://$APPLICATION_HOME_DIR$/plugins/java/lib/jdkAnnotations.jar!/" type="simple" />
          </root>
        </annotationsPath>
        <classPath>
          <root type="composite">
            <root url="jrt:///usr/lib/jvm/java-15-openjdk!/java.base" type="simple" />
            <root url="jrt:///usr/lib/jvm/java-15-openjdk!/java.compiler" type="simple" />
            <root url="jrt:///usr/lib/jvm/java-15-openjdk!/java.datatransfer" type="simple" />
            <root url="jrt:///usr/lib/jvm/java-15-openjdk!/java.desktop" type="simple" />
            <root url="jrt:///usr/lib/jvm/java-15-openjdk!/java.instrument" type="simple" />
            <root url="jrt:///usr/lib/jvm/java-15-openjdk!/java.logging" type="simple" />
            <root url="jrt:///usr/lib/jvm/java-15-openjdk!/java.management" type="simple" />
            <root url="jrt:///usr/lib/jvm/java-15-openjdk!/java.management.rmi" type="simple" />
            <root url="jrt:///usr/lib/jvm/java-15-openjdk!/java.naming" type="simple" />
            <root url="jrt:///usr/lib/jvm/java-15-openjdk!/java.net.http" type="simple" />
            <root url="jrt:///usr/lib/jvm/java-15-openjdk!/java.prefs" type="simple" />
            <root url="jrt:///usr/lib/jvm/java-15-openjdk!/java.rmi" type="simple" />
            <root url="jrt:///usr/lib/jvm/java-15-openjdk!/java.scripting" type="simple" />
            <root url="jrt:///usr/lib/jvm/java-15-openjdk!/java.se" type="simple" />
            <root url="jrt:///usr/lib/jvm/java-15-openjdk!/java.security.jgss" type="simple" />
            <root url="jrt:///usr/lib/jvm/java-15-openjdk!/java.security.sasl" type="simple" />
            <root url="jrt:///usr/lib/jvm/java-15-openjdk!/java.smartcardio" type="simple" />
            <root url="jrt:///usr/lib/jvm/java-15-openjdk!/java.sql" type="simple" />
            <root url="jrt:///usr/lib/jvm/java-15-openjdk!/java.sql.rowset" type="simple" />
            <root url="jrt:///usr/lib/jvm/java-15-openjdk!/java.transaction.xa" type="simple" />
            <root url="jrt:///usr/lib/jvm/java-15-openjdk!/java.xml" type="simple" />
            <root url="jrt:///usr/lib/jvm/java-15-openjdk!/java.xml.crypto" type="simple" />
            <root url="jrt:///usr/lib/jvm/java-15-openjdk!/jdk.accessibility" type="simple" />
            <root url="jrt:///usr/lib/jvm/java-15-openjdk!/jdk.aot" type="simple" />
            <root url="jrt:///usr/lib/jvm/java-15-openjdk!/jdk.attach" type="simple" />
            <root url="jrt:///usr/lib/jvm/java-15-openjdk!/jdk.charsets" type="simple" />
            <root url="jrt:///usr/lib/jvm/java-15-openjdk!/jdk.compiler" type="simple" />
            <root url="jrt:///usr/lib/jvm/java-15-openjdk!/jdk.crypto.cryptoki" type="simple" />
            <root url="jrt:///usr/lib/jvm/java-15-openjdk!/jdk.crypto.ec" type="simple" />
            <root url="jrt:///usr/lib/jvm/java-15-openjdk!/jdk.dynalink" type="simple" />
            <root url="jrt:///usr/lib/jvm/java-15-openjdk!/jdk.editpad" type="simple" />
            <root url="jrt:///usr/lib/jvm/java-15-openjdk!/jdk.hotspot.agent" type="simple" />
            <root url="jrt:///usr/lib/jvm/java-15-openjdk!/jdk.httpserver" type="simple" />
            <root url="jrt:///usr/lib/jvm/java-15-openjdk!/jdk.incubator.foreign" type="simple" />
            <root url="jrt:///usr/lib/jvm/java-15-openjdk!/jdk.incubator.jpackage" type="simple" />
            <root url="jrt:///usr/lib/jvm/java-15-openjdk!/jdk.internal.ed" type="simple" />
            <root url="jrt:///usr/lib/jvm/java-15-openjdk!/jdk.internal.jvmstat" type="simple" />
            <root url="jrt:///usr/lib/jvm/java-15-openjdk!/jdk.internal.le" type="simple" />
            <root url="jrt:///usr/lib/jvm/java-15-openjdk!/jdk.internal.opt" type="simple" />
            <root url="jrt:///usr/lib/jvm/java-15-openjdk!/jdk.internal.vm.ci" type="simple" />
            <root url="jrt:///usr/lib/jvm/java-15-openjdk!/jdk.internal.vm.compiler" type="simple" />
            <root url="jrt:///usr/lib/jvm/java-15-openjdk!/jdk.internal.vm.compiler.management" type="simple" />
            <root url="jrt:///usr/lib/jvm/java-15-openjdk!/jdk.jartool" type="simple" />
            <root url="jrt:///usr/lib/jvm/java-15-openjdk!/jdk.javadoc" type="simple" />
            <root url="jrt:///usr/lib/jvm/java-15-openjdk!/jdk.jcmd" type="simple" />
            <root url="jrt:///usr/lib/jvm/java-15-openjdk!/jdk.jconsole" type="simple" />
            <root url="jrt:///usr/lib/jvm/java-15-openjdk!/jdk.jdeps" type="simple" />
            <root url="jrt:///usr/lib/jvm/java-15-openjdk!/jdk.jdi" type="simple" />
            <root url="jrt:///usr/lib/jvm/java-15-openjdk!/jdk.jdwp.agent" type="simple" />
            <root url="jrt:///usr/lib/jvm/java-15-openjdk!/jdk.jfr" type="simple" />
            <root url="jrt:///usr/lib/jvm/java-15-openjdk!/jdk.jlink" type="simple" />
            <root url="jrt:///usr/lib/jvm/java-15-openjdk!/jdk.jshell" type="simple" />
            <root url="jrt:///usr/lib/jvm/java-15-openjdk!/jdk.jsobject" type="simple" />
            <root url="jrt:///usr/lib/jvm/java-15-openjdk!/jdk.jstatd" type="simple" />
            <root url="jrt:///usr/lib/jvm/java-15-openjdk!/jdk.localedata" type="simple" />
            <root url="jrt:///usr/lib/jvm/java-15-openjdk!/jdk.management" type="simple" />
            <root url="jrt:///usr/lib/jvm/java-15-openjdk!/jdk.management.agent" type="simple" />
            <root url="jrt:///usr/lib/jvm/java-15-openjdk!/jdk.management.jfr" type="simple" />
            <root url="jrt:///usr/lib/jvm/java-15-openjdk!/jdk.naming.dns" type="simple" />
            <root url="jrt:///usr/lib/jvm/java-15-openjdk!/jdk.naming.rmi" type="simple" />
            <root url="jrt:///usr/lib/jvm/java-15-openjdk!/jdk.net" type="simple" />
            <root url="jrt:///usr/lib/jvm/java-15-openjdk!/jdk.nio.mapmode" type="simple" />
            <root url="jrt:///usr/lib/jvm/java-15-openjdk!/jdk.sctp" type="simple" />
            <root url="jrt:///usr/lib/jvm/java-15-openjdk!/jdk.security.auth" type="simple" />
            <root url="jrt:///usr/lib/jvm/java-15-openjdk!/jdk.security.jgss" type="simple" />
            <root url="jrt:///usr/lib/jvm/java-15-openjdk!/jdk.unsupported" type="simple" />
            <root url="jrt:///usr/lib/jvm/java-15-openjdk!/jdk.unsupported.desktop" type="simple" />
            <root url="jrt:///usr/lib/jvm/java-15-openjdk!/jdk.xml.dom" type="simple" />
            <root url="jrt:///usr/lib/jvm/java-15-openjdk!/jdk.zipfs" type="simple" />
          </root>
        </classPath>
        <javadocPath>
          <root type="composite">
            <root url="https://docs.oracle.com/en/java/javase/15/docs/api/" type="simple" />
          </root>
        </javadocPath>
        <sourcePath>
          <root type="composite" />
        </sourcePath>
      </roots>
      <additional />
    </jdk>
    <jdk version="2">
      <name value="15 (2)" />
      <type value="JavaSDK" />
      <version value="version 15.0.2" />
      <homePath value="/usr/lib/jvm/default-runtime" />
      <roots>
        <annotationsPath>
          <root type="composite">
            <root url="jar://$APPLICATION_HOME_DIR$/plugins/java/lib/jdkAnnotations.jar!/" type="simple" />
          </root>
        </annotationsPath>
        <classPath>
          <root type="composite">
            <root url="jrt:///usr/lib/jvm/default-runtime!/java.base" type="simple" />
            <root url="jrt:///usr/lib/jvm/default-runtime!/java.compiler" type="simple" />
            <root url="jrt:///usr/lib/jvm/default-runtime!/java.datatransfer" type="simple" />
            <root url="jrt:///usr/lib/jvm/default-runtime!/java.desktop" type="simple" />
            <root url="jrt:///usr/lib/jvm/default-runtime!/java.instrument" type="simple" />
            <root url="jrt:///usr/lib/jvm/default-runtime!/java.logging" type="simple" />
            <root url="jrt:///usr/lib/jvm/default-runtime!/java.management" type="simple" />
            <root url="jrt:///usr/lib/jvm/default-runtime!/java.management.rmi" type="simple" />
            <root url="jrt:///usr/lib/jvm/default-runtime!/java.naming" type="simple" />
            <root url="jrt:///usr/lib/jvm/default-runtime!/java.net.http" type="simple" />
            <root url="jrt:///usr/lib/jvm/default-runtime!/java.prefs" type="simple" />
            <root url="jrt:///usr/lib/jvm/default-runtime!/java.rmi" type="simple" />
            <root url="jrt:///usr/lib/jvm/default-runtime!/java.scripting" type="simple" />
            <root url="jrt:///usr/lib/jvm/default-runtime!/java.se" type="simple" />
            <root url="jrt:///usr/lib/jvm/default-runtime!/java.security.jgss" type="simple" />
            <root url="jrt:///usr/lib/jvm/default-runtime!/java.security.sasl" type="simple" />
            <root url="jrt:///usr/lib/jvm/default-runtime!/java.smartcardio" type="simple" />
            <root url="jrt:///usr/lib/jvm/default-runtime!/java.sql" type="simple" />
            <root url="jrt:///usr/lib/jvm/default-runtime!/java.sql.rowset" type="simple" />
            <root url="jrt:///usr/lib/jvm/default-runtime!/java.transaction.xa" type="simple" />
            <root url="jrt:///usr/lib/jvm/default-runtime!/java.xml" type="simple" />
            <root url="jrt:///usr/lib/jvm/default-runtime!/java.xml.crypto" type="simple" />
            <root url="jrt:///usr/lib/jvm/default-runtime!/jdk.accessibility" type="simple" />
            <root url="jrt:///usr/lib/jvm/default-runtime!/jdk.aot" type="simple" />
            <root url="jrt:///usr/lib/jvm/default-runtime!/jdk.attach" type="simple" />
            <root url="jrt:///usr/lib/jvm/default-runtime!/jdk.charsets" type="simple" />
            <root url="jrt:///usr/lib/jvm/default-runtime!/jdk.compiler" type="simple" />
            <root url="jrt:///usr/lib/jvm/default-runtime!/jdk.crypto.cryptoki" type="simple" />
            <root url="jrt:///usr/lib/jvm/default-runtime!/jdk.crypto.ec" type="simple" />
            <root url="jrt:///usr/lib/jvm/default-runtime!/jdk.dynalink" type="simple" />
            <root url="jrt:///usr/lib/jvm/default-runtime!/jdk.editpad" type="simple" />
            <root url="jrt:///usr/lib/jvm/default-runtime!/jdk.hotspot.agent" type="simple" />
            <root url="jrt:///usr/lib/jvm/default-runtime!/jdk.httpserver" type="simple" />
            <root url="jrt:///usr/lib/jvm/default-runtime!/jdk.incubator.foreign" type="simple" />
            <root url="jrt:///usr/lib/jvm/default-runtime!/jdk.incubator.jpackage" type="simple" />
            <root url="jrt:///usr/lib/jvm/default-runtime!/jdk.internal.ed" type="simple" />
            <root url="jrt:///usr/lib/jvm/default-runtime!/jdk.internal.jvmstat" type="simple" />
            <root url="jrt:///usr/lib/jvm/default-runtime!/jdk.internal.le" type="simple" />
            <root url="jrt:///usr/lib/jvm/default-runtime!/jdk.internal.opt" type="simple" />
            <root url="jrt:///usr/lib/jvm/default-runtime!/jdk.internal.vm.ci" type="simple" />
            <root url="jrt:///usr/lib/jvm/default-runtime!/jdk.internal.vm.compiler" type="simple" />
            <root url="jrt:///usr/lib/jvm/default-runtime!/jdk.internal.vm.compiler.management" type="simple" />
            <root url="jrt:///usr/lib/jvm/default-runtime!/jdk.jartool" type="simple" />
            <root url="jrt:///usr/lib/jvm/default-runtime!/jdk.javadoc" type="simple" />
            <root url="jrt:///usr/lib/jvm/default-runtime!/jdk.jcmd" type="simple" />
            <root url="jrt:///usr/lib/jvm/default-runtime!/jdk.jconsole" type="simple" />
            <root url="jrt:///usr/lib/jvm/default-runtime!/jdk.jdeps" type="simple" />
            <root url="jrt:///usr/lib/jvm/default-runtime!/jdk.jdi" type="simple" />
            <root url="jrt:///usr/lib/jvm/default-runtime!/jdk.jdwp.agent" type="simple" />
            <root url="jrt:///usr/lib/jvm/default-runtime!/jdk.jfr" type="simple" />
            <root url="jrt:///usr/lib/jvm/default-runtime!/jdk.jlink" type="simple" />
            <root url="jrt:///usr/lib/jvm/default-runtime!/jdk.jshell" type="simple" />
            <root url="jrt:///usr/lib/jvm/default-runtime!/jdk.jsobject" type="simple" />
            <root url="jrt:///usr/lib/jvm/default-runtime!/jdk.jstatd" type="simple" />
            <root url="jrt:///usr/lib/jvm/default-runtime!/jdk.localedata" type="simple" />
            <root url="jrt:///usr/lib/jvm/default-runtime!/jdk.management" type="simple" />
            <root url="jrt:///usr/lib/jvm/default-runtime!/jdk.management.agent" type="simple" />
            <root url="jrt:///usr/lib/jvm/default-runtime!/jdk.management.jfr" type="simple" />
            <root url="jrt:///usr/lib/jvm/default-runtime!/jdk.naming.dns" type="simple" />
            <root url="jrt:///usr/lib/jvm/default-runtime!/jdk.naming.rmi" type="simple" />
            <root url="jrt:///usr/lib/jvm/default-runtime!/jdk.net" type="simple" />
            <root url="jrt:///usr/lib/jvm/default-runtime!/jdk.nio.mapmode" type="simple" />
            <root url="jrt:///usr/lib/jvm/default-runtime!/jdk.sctp" type="simple" />
            <root url="jrt:///usr/lib/jvm/default-runtime!/jdk.security.auth" type="simple" />
            <root url="jrt:///usr/lib/jvm/default-runtime!/jdk.security.jgss" type="simple" />
            <root url="jrt:///usr/lib/jvm/default-runtime!/jdk.unsupported" type="simple" />
            <root url="jrt:///usr/lib/jvm/default-runtime!/jdk.unsupported.desktop" type="simple" />
            <root url="jrt:///usr/lib/jvm/default-runtime!/jdk.xml.dom" type="simple" />
            <root url="jrt:///usr/lib/jvm/default-runtime!/jdk.zipfs" type="simple" />
          </root>
        </classPath>
        <javadocPath>
          <root type="composite">
            <root url="https://docs.oracle.com/en/java/javase/15/docs/api/" type="simple" />
          </root>
        </javadocPath>
        <sourcePath>
          <root type="composite" />
        </sourcePath>
      </roots>
      <additional />
    </jdk>
    <jdk version="2">
      <name value="1.8.0_181" />
      <type value="JavaSDK" />
      <version value="java version &quot;1.8.0_282&quot;" />
      <homePath value="/usr/lib/jvm/java-8-openjdk" />
      <roots>
        <annotationsPath>
          <root type="composite">
            <root url="jar://$APPLICATION_HOME_DIR$/plugins/java/lib/jdkAnnotations.jar!/" type="simple" />
          </root>
        </annotationsPath>
        <classPath>
          <root type="composite">
            <root url="jar:///usr/lib/jvm/java-8-openjdk/jre/lib/charsets.jar!/" type="simple" />
            <root url="jar:///usr/lib/jvm/java-8-openjdk/jre/lib/ext/cldrdata.jar!/" type="simple" />
            <root url="jar:///usr/lib/jvm/java-8-openjdk/jre/lib/ext/dnsns.jar!/" type="simple" />
            <root url="jar:///usr/lib/jvm/java-8-openjdk/jre/lib/ext/jaccess.jar!/" type="simple" />
            <root url="jar:///usr/lib/jvm/java-8-openjdk/jre/lib/ext/localedata.jar!/" type="simple" />
            <root url="jar:///usr/lib/jvm/java-8-openjdk/jre/lib/ext/nashorn.jar!/" type="simple" />
            <root url="jar:///usr/lib/jvm/java-8-openjdk/jre/lib/ext/sunec.jar!/" type="simple" />
            <root url="jar:///usr/lib/jvm/java-8-openjdk/jre/lib/ext/sunjce_provider.jar!/" type="simple" />
            <root url="jar:///usr/lib/jvm/java-8-openjdk/jre/lib/ext/sunpkcs11.jar!/" type="simple" />
            <root url="jar:///usr/lib/jvm/java-8-openjdk/jre/lib/ext/zipfs.jar!/" type="simple" />
            <root url="jar:///usr/lib/jvm/java-8-openjdk/jre/lib/jce.jar!/" type="simple" />
            <root url="jar:///usr/lib/jvm/java-8-openjdk/jre/lib/jfr.jar!/" type="simple" />
            <root url="jar:///usr/lib/jvm/java-8-openjdk/jre/lib/jsse.jar!/" type="simple" />
            <root url="jar:///usr/lib/jvm/java-8-openjdk/jre/lib/management-agent.jar!/" type="simple" />
            <root url="jar:///usr/lib/jvm/java-8-openjdk/jre/lib/resources.jar!/" type="simple" />
            <root url="jar:///usr/lib/jvm/java-8-openjdk/jre/lib/rt.jar!/" type="simple" />
          </root>
        </classPath>
        <javadocPath>
          <root type="composite">
            <root url="https://docs.oracle.com/javase/8/docs/api/" type="simple" />
          </root>
        </javadocPath>
        <sourcePath>
          <root type="composite" />
        </sourcePath>
      </roots>
      <additional />
    </jdk>
  </component>
</application>